<?xml version="1.0" encoding="UTF-8"?>
<project-private xmlns="http://www.netbeans.org/ns/project-private/1">
    <editor-bookmarks xmlns="http://www.netbeans.org/ns/editor-bookmarks/2" lastBookmarkId="1">
        <file>
            <url>src/week02/computer_program/Test.java</url>
            <bookmark id="1">
                <name/>
                <line>4</line>
                <key/>
            </bookmark>
        </file>
    </editor-bookmarks>
    <open-files xmlns="http://www.netbeans.org/ns/projectui-open-files/2">
        <group>
            <file>file:/C:/FPT_University/KY%203/LAB221/NguyenThiQuynhChau_DE190737/src/week05/course_manage/CourseManagement.java</file>
            <file>file:/C:/FPT_University/KY%203/LAB221/NguyenThiQuynhChau_DE190737/src/week05/course_manage/Course.java</file>
            <file>file:/C:/FPT_University/KY%203/LAB221/NguyenThiQuynhChau_DE190737/src/week05/course_manage/Utilizer.java</file>
            <file>file:/C:/FPT_University/KY%203/LAB221/NguyenThiQuynhChau_DE190737/src/week05/course_manage/Main.java</file>
        </group>
    </open-files>
</project-private>
